to,1992M12,from
Austria,0,Belgium
Denmark,0,Belgium
Greece,0,Belgium
Spain,0,Belgium
Finland,0,Belgium
Italy,0,Belgium
Luxembourg,0,Belgium
Romania,0,Belgium
Austria,270,Bulgaria
Belgium,505,Bulgaria
Germany,31540,Bulgaria
Denmark,20,Bulgaria
Greece,0,Bulgaria
Spain,490,Bulgaria
Finland,35,Bulgaria
France,115,Bulgaria
Italy,300,Bulgaria
Luxembourg,0,Bulgaria
Netherlands,195,Bulgaria
Romania,0,Bulgaria
Sweden,195,Bulgaria
United Kingdom,180,Bulgaria
Austria,0,Czech Republic
Denmark,0,Czech Republic
Greece,0,Czech Republic
Spain,0,Czech Republic
Finland,0,Czech Republic
Italy,0,Czech Republic
Luxembourg,0,Czech Republic
Romania,0,Czech Republic
Austria,0,Denmark
Denmark,0,Denmark
Greece,0,Denmark
Spain,0,Denmark
Finland,0,Denmark
Italy,0,Denmark
Luxembourg,0,Denmark
Romania,0,Denmark
Austria,0,Germany
Belgium,0,Germany
Denmark,0,Germany
Greece,0,Germany
Spain,0,Germany
Finland,0,Germany
Italy,0,Germany
Luxembourg,0,Germany
Romania,0,Germany
Sweden,5,Germany
Austria,0,Estonia
Belgium,5,Estonia
Denmark,110,Estonia
Greece,0,Estonia
Finland,20,Estonia
France,0,Estonia
Netherlands,0,Estonia
Portugal,0,Estonia
Romania,0,Estonia
Sweden,75,Estonia
Austria,0,Ireland
Denmark,0,Ireland
Greece,0,Ireland
Spain,0,Ireland
Finland,0,Ireland
Italy,0,Ireland
Luxembourg,0,Ireland
Romania,0,Ireland
Sweden,5,Ireland
Austria,0,Greece
Denmark,0,Greece
Greece,0,Greece
Spain,0,Greece
Finland,0,Greece
Italy,0,Greece
Luxembourg,0,Greece
Romania,0,Greece
Sweden,15,Greece
Austria,0,Spain
Denmark,0,Spain
Greece,0,Spain
Spain,0,Spain
Finland,0,Spain
Italy,0,Spain
Luxembourg,0,Spain
Romania,0,Spain
Sweden,5,Spain
Austria,0,France
Belgium,0,France
Denmark,0,France
Greece,0,France
Spain,0,France
Finland,0,France
Italy,0,France
Luxembourg,0,France
Romania,0,France
Austria,90,Croatia
Belgium,90,Croatia
Germany,1025,Croatia
Denmark,80,Croatia
Finland,0,Croatia
Netherlands,40,Croatia
Portugal,0,Croatia
Romania,0,Croatia
Sweden,190,Croatia
Austria,0,Italy
Denmark,0,Italy
Greece,0,Italy
Spain,0,Italy
Finland,0,Italy
Italy,0,Italy
Luxembourg,0,Italy
Romania,0,Italy
Sweden,5,Italy
Austria,0,Cyprus
Belgium,5,Cyprus
Denmark,0,Cyprus
Greece,0,Cyprus
Spain,0,Cyprus
Finland,0,Cyprus
Italy,0,Cyprus
Luxembourg,0,Cyprus
Romania,0,Cyprus
Austria,0,Latvia
Belgium,5,Latvia
Greece,0,Latvia
Spain,0,Latvia
Finland,0,Latvia
Netherlands,15,Latvia
Portugal,0,Latvia
Romania,0,Latvia
Sweden,5,Latvia
Austria,0,Lithuania
Belgium,0,Lithuania
Denmark,30,Lithuania
Greece,0,Lithuania
Finland,0,Lithuania
France,5,Lithuania
Netherlands,15,Lithuania
Portugal,0,Lithuania
Romania,0,Lithuania
Sweden,30,Lithuania
Austria,0,Luxembourg
Romania,0,Luxembourg
Austria,0,Hungary
Belgium,30,Hungary
Germany,1030,Hungary
Denmark,20,Hungary
Greece,0,Hungary
Spain,5,Hungary
Finland,5,Hungary
France,10,Hungary
Italy,0,Hungary
Luxembourg,0,Hungary
Netherlands,80,Hungary
Portugal,0,Hungary
Romania,0,Hungary
Sweden,40,Hungary
Austria,0,Malta
Denmark,0,Malta
Greece,0,Malta
Spain,0,Malta
Finland,0,Malta
Italy,0,Malta
Luxembourg,0,Malta
Romania,0,Malta
Austria,0,Netherlands
Denmark,0,Netherlands
Greece,0,Netherlands
Spain,0,Netherlands
Finland,0,Netherlands
Italy,0,Netherlands
Luxembourg,0,Netherlands
Romania,0,Netherlands
Sweden,0,Netherlands
Austria,0,Austria
Belgium,0,Austria
Denmark,0,Austria
Greece,0,Austria
Spain,0,Austria
Finland,0,Austria
Italy,0,Austria
Luxembourg,0,Austria
Romania,0,Austria
Sweden,5,Austria
Austria,10,Poland
Belgium,195,Poland
Germany,4210,Poland
Denmark,55,Poland
Greece,0,Poland
Spain,1245,Poland
Finland,5,Poland
France,130,Poland
Italy,0,Poland
Luxembourg,30,Poland
Netherlands,340,Poland
Portugal,5,Poland
Romania,0,Poland
Sweden,95,Poland
United Kingdom,90,Poland
Austria,0,Portugal
Denmark,0,Portugal
Greece,0,Portugal
Spain,0,Portugal
Finland,0,Portugal
Italy,0,Portugal
Luxembourg,0,Portugal
Romania,0,Portugal
Sweden,5,Portugal
Austria,2610,Romania
Belgium,3400,Romania
Germany,103785,Romania
Denmark,95,Romania
Greece,0,Romania
Spain,945,Romania
Finland,50,Romania
France,2205,Romania
Italy,950,Romania
Luxembourg,15,Romania
Netherlands,960,Romania
Portugal,175,Romania
Romania,0,Romania
Sweden,515,Romania
United Kingdom,305,Romania
Austria,5,Slovenia
Belgium,5,Slovenia
Germany,67410,Slovenia
Denmark,0,Slovenia
Romania,0,Slovenia
Sweden,20,Slovenia
Austria,0,Slovakia
Denmark,0,Slovakia
Greece,0,Slovakia
Spain,0,Slovakia
Finland,0,Slovakia
Italy,0,Slovakia
Luxembourg,0,Slovakia
Romania,0,Slovakia
Austria,0,Finland
Denmark,0,Finland
Greece,0,Finland
Spain,0,Finland
Finland,0,Finland
Italy,0,Finland
Luxembourg,0,Finland
Romania,0,Finland
Austria,0,Sweden
Denmark,0,Sweden
Greece,0,Sweden
Spain,0,Sweden
Finland,0,Sweden
Italy,0,Sweden
Luxembourg,0,Sweden
Romania,0,Sweden
Austria,0,United Kingdom
Denmark,0,United Kingdom
Greece,0,United Kingdom
Spain,0,United Kingdom
Finland,0,United Kingdom
Italy,0,United Kingdom
Luxembourg,0,United Kingdom
Romania,0,United Kingdom
Sweden,5,United Kingdom
Austria,0,British overseas countries and territories
Romania,0,British overseas countries and territories
Austria,0,European Free Trade Association
Austria,0,Iceland
Romania,0,Iceland
Austria,0,Liechtenstein
Romania,0,Liechtenstein
Austria,0,Norway
Denmark,0,Norway
Greece,0,Norway
Spain,0,Norway
Finland,0,Norway
Italy,0,Norway
Luxembourg,0,Norway
Romania,0,Norway
Austria,0,Switzerland
Denmark,0,Switzerland
Greece,0,Switzerland
Spain,0,Switzerland
Finland,0,Switzerland
Italy,0,Switzerland
Luxembourg,0,Switzerland
Romania,0,Switzerland
Sweden,0,Switzerland
Austria,225,"Former Yugoslav Republic of Macedonia, the"
Belgium,565,"Former Yugoslav Republic of Macedonia, the"
Romania,0,"Former Yugoslav Republic of Macedonia, the"
Austria,1250,Turkey
Belgium,850,Turkey
Germany,28325,Turkey
Denmark,50,Turkey
Greece,430,Turkey
Spain,5,Turkey
Finland,50,Turkey
France,1770,Turkey
Italy,20,Turkey
Luxembourg,5,Turkey
Netherlands,720,Turkey
Portugal,0,Turkey
Romania,0,Turkey
Sweden,385,Turkey
United Kingdom,1865,Turkey
Austria,10600,Central and Eastern Europe
Austria,290,Albania
Belgium,80,Albania
Denmark,10,Albania
Greece,100,Albania
Spain,15,Albania
Finland,10,Albania
France,85,Albania
Italy,170,Albania
Luxembourg,5,Albania
Netherlands,140,Albania
Romania,325,Albania
Sweden,65,Albania
Austria,0,Andorra
Denmark,0,Andorra
Greece,0,Andorra
Spain,0,Andorra
Finland,0,Andorra
Italy,0,Andorra
Luxembourg,0,Andorra
Romania,0,Andorra
Austria,0,Belarus
Belgium,30,Belarus
Greece,0,Belarus
Netherlands,15,Belarus
Portugal,0,Belarus
Romania,0,Belarus
Austria,1180,Bosnia and Herzegovina
Romania,0,Bosnia and Herzegovina
Austria,0,Moldova
Belgium,5,Moldova
Greece,0,Moldova
Netherlands,15,Moldova
Portugal,0,Moldova
Romania,0,Moldova
Sweden,10,Moldova
Austria,0,Monaco
Romania,0,Monaco
Austria,0,Russia
Denmark,340,Russia
Greece,15,Russia
Luxembourg,0,Russia
Netherlands,410,Russia
Portugal,5,Russia
Romania,0,Russia
Sweden,290,Russia
Austria,0,San Marino
Romania,0,San Marino
Austria,0,Ukraine
Belgium,15,Ukraine
Greece,0,Ukraine
France,5,Ukraine
Italy,10,Ukraine
Netherlands,80,Ukraine
Portugal,5,Ukraine
Romania,0,Ukraine
Sweden,0,Ukraine
Austria,0,Vatican City State
Romania,0,Vatican City State
Austria,5915,Serbia
Belgium,560,Serbia
Romania,0,Serbia
Austria,1250,Other european countries
Austria,835,Africa
Belgium,7425,Africa
Germany,67410,Africa
Denmark,1370,Africa
Greece,30,Africa
Spain,3020,Africa
Finland,375,Africa
France,9395,Africa
Italy,820,Africa
Luxembourg,50,Africa
Netherlands,6430,Africa
Portugal,430,Africa
Sweden,4570,Africa
United Kingdom,7630,Africa
Austria,0,Angola
Belgium,295,Angola
Denmark,0,Angola
Greece,0,Angola
Spain,185,Angola
Finland,10,Angola
France,330,Angola
Italy,10,Angola
Luxembourg,5,Angola
Netherlands,120,Angola
Portugal,110,Angola
Romania,0,Angola
Sweden,30,Angola
United Kingdom,245,Angola
Austria,0,Cameroon
Belgium,40,Cameroon
Denmark,5,Cameroon
Greece,0,Cameroon
Spain,10,Cameroon
Finland,0,Cameroon
France,85,Cameroon
Italy,0,Cameroon
Portugal,0,Cameroon
Romania,0,Cameroon
United Kingdom,40,Cameroon
Austria,0,Central African Republic
Belgium,0,Central African Republic
Denmark,0,Central African Republic
Greece,0,Central African Republic
Spain,0,Central African Republic
Finland,0,Central African Republic
France,20,Central African Republic
Italy,0,Central African Republic
Portugal,0,Central African Republic
Romania,0,Central African Republic
Austria,0,Chad
Belgium,5,Chad
Denmark,0,Chad
Greece,0,Chad
Spain,10,Chad
Finland,0,Chad
France,25,Chad
Italy,0,Chad
Portugal,0,Chad
Romania,0,Chad
Austria,0,Congo
Belgium,20,Congo
Denmark,0,Congo
Greece,0,Congo
Spain,0,Congo
Finland,0,Congo
France,355,Congo
Italy,0,Congo
Portugal,0,Congo
Romania,0,Congo
United Kingdom,15,Congo
Austria,0,Democratic Republic of the Congo
Belgium,3805,Democratic Republic of the Congo
Germany,8305,Democratic Republic of the Congo
Denmark,10,Democratic Republic of the Congo
Greece,0,Democratic Republic of the Congo
Spain,260,Democratic Republic of the Congo
Finland,80,Democratic Republic of the Congo
France,3065,Democratic Republic of the Congo
Italy,30,Democratic Republic of the Congo
Luxembourg,20,Democratic Republic of the Congo
Netherlands,475,Democratic Republic of the Congo
Portugal,275,Democratic Republic of the Congo
Romania,0,Democratic Republic of the Congo
Sweden,200,Democratic Republic of the Congo
United Kingdom,880,Democratic Republic of the Congo
Austria,0,Equatorial Guinea
Denmark,0,Equatorial Guinea
Greece,0,Equatorial Guinea
Spain,40,Equatorial Guinea
Finland,0,Equatorial Guinea
France,0,Equatorial Guinea
Italy,0,Equatorial Guinea
Portugal,0,Equatorial Guinea
Romania,0,Equatorial Guinea
Sweden,0,Equatorial Guinea
Austria,0,Gabon
Belgium,5,Gabon
Denmark,0,Gabon
Greece,0,Gabon
Spain,0,Gabon
Finland,0,Gabon
France,5,Gabon
Italy,0,Gabon
Portugal,0,Gabon
Romania,0,Gabon
Austria,0,São Tomé and Príncipe
Denmark,0,São Tomé and Príncipe
Greece,0,São Tomé and Príncipe
Spain,0,São Tomé and Príncipe
Finland,0,São Tomé and Príncipe
Italy,0,São Tomé and Príncipe
Portugal,0,São Tomé and Príncipe
Romania,0,São Tomé and Príncipe
Austria,0,Burundi
Belgium,15,Burundi
Denmark,0,Burundi
Greece,0,Burundi
Spain,0,Burundi
Finland,0,Burundi
France,5,Burundi
Italy,0,Burundi
Portugal,0,Burundi
Romania,0,Burundi
Austria,0,Comoros
Belgium,0,Comoros
Denmark,0,Comoros
Greece,0,Comoros
Spain,0,Comoros
Finland,0,Comoros
France,5,Comoros
Italy,0,Comoros
Portugal,0,Comoros
Romania,0,Comoros
Austria,0,Djibouti
Denmark,0,Djibouti
Greece,0,Djibouti
Spain,0,Djibouti
Finland,0,Djibouti
France,10,Djibouti
Italy,0,Djibouti
Portugal,0,Djibouti
Romania,0,Djibouti
Austria,0,Eritrea
Romania,0,Eritrea
Austria,0,Ethiopia
Belgium,25,Ethiopia
Germany,1590,Ethiopia
Denmark,15,Ethiopia
Greece,0,Ethiopia
Spain,55,Ethiopia
Finland,15,Ethiopia
France,30,Ethiopia
Italy,360,Ethiopia
Netherlands,300,Ethiopia
Portugal,0,Ethiopia
Romania,0,Ethiopia
Sweden,170,Ethiopia
United Kingdom,680,Ethiopia
Austria,0,Kenya
Belgium,5,Kenya
Denmark,5,Kenya
Greece,0,Kenya
Spain,5,Kenya
Finland,0,Kenya
France,0,Kenya
Italy,0,Kenya
Portugal,0,Kenya
Romania,0,Kenya
Austria,0,Madagascar
Belgium,0,Madagascar
Denmark,0,Madagascar
Greece,0,Madagascar
Spain,0,Madagascar
Finland,0,Madagascar
France,35,Madagascar
Italy,0,Madagascar
Portugal,0,Madagascar
Romania,0,Madagascar
Austria,0,Malawi
Belgium,0,Malawi
Denmark,0,Malawi
Greece,0,Malawi
Spain,0,Malawi
Finland,0,Malawi
Italy,0,Malawi
Portugal,0,Malawi
Romania,0,Malawi
Austria,0,Mauritius
Denmark,0,Mauritius
Greece,0,Mauritius
Spain,0,Mauritius
Finland,0,Mauritius
France,65,Mauritius
Italy,0,Mauritius
Portugal,0,Mauritius
Romania,0,Mauritius
Austria,0,Mozambique
Belgium,0,Mozambique
Denmark,0,Mozambique
Greece,0,Mozambique
Spain,20,Mozambique
Finland,0,Mozambique
France,0,Mozambique
Italy,0,Mozambique
Portugal,0,Mozambique
Romania,0,Mozambique
Austria,0,Rwanda
Belgium,70,Rwanda
Denmark,5,Rwanda
Greece,0,Rwanda
Spain,0,Rwanda
Finland,0,Rwanda
France,20,Rwanda
Italy,10,Rwanda
Portugal,0,Rwanda
Romania,0,Rwanda
Austria,0,Seychelles
Belgium,5,Seychelles
Denmark,0,Seychelles
Greece,0,Seychelles
Spain,0,Seychelles
Finland,0,Seychelles
France,0,Seychelles
Italy,0,Seychelles
Portugal,0,Seychelles
Romania,0,Seychelles
Austria,95,Somalia
Belgium,110,Somalia
Denmark,895,Somalia
Greece,0,Somalia
Spain,40,Somalia
Finland,170,Somalia
France,190,Somalia
Italy,380,Somalia
Luxembourg,0,Somalia
Netherlands,4245,Somalia
Portugal,0,Somalia
Romania,0,Somalia
Sweden,2700,Somalia
United Kingdom,1575,Somalia
Austria,0,Uganda
Belgium,5,Uganda
Denmark,100,Uganda
Greece,0,Uganda
Spain,0,Uganda
Finland,0,Uganda
France,5,Uganda
Italy,0,Uganda
Netherlands,15,Uganda
Portugal,0,Uganda
Romania,0,Uganda
Sweden,75,Uganda
United Kingdom,295,Uganda
Austria,0,Tanzania
Denmark,0,Tanzania
Greece,0,Tanzania
Spain,0,Tanzania
Finland,0,Tanzania
Italy,0,Tanzania
Portugal,0,Tanzania
Romania,0,Tanzania
Austria,0,Zambia
Denmark,0,Zambia
Greece,0,Zambia
Spain,0,Zambia
Finland,0,Zambia
Italy,0,Zambia
Portugal,0,Zambia
Romania,0,Zambia
Austria,0,Zimbabwe
Denmark,0,Zimbabwe
Greece,0,Zimbabwe
Spain,0,Zimbabwe
Finland,0,Zimbabwe
Italy,0,Zimbabwe
Portugal,0,Zimbabwe
Romania,0,Zimbabwe
Austria,0,Algeria
Belgium,60,Algeria
Germany,7670,Algeria
Denmark,5,Algeria
Greece,0,Algeria
Spain,45,Algeria
Finland,10,Algeria
France,620,Algeria
Italy,0,Algeria
Luxembourg,0,Algeria
Netherlands,145,Algeria
Portugal,0,Algeria
Romania,0,Algeria
Sweden,110,Algeria
Austria,0,Egypt
Belgium,10,Egypt
Denmark,10,Egypt
Greece,0,Egypt
Spain,5,Egypt
Finland,5,Egypt
France,75,Egypt
Italy,10,Egypt
Luxembourg,0,Egypt
Netherlands,25,Egypt
Portugal,0,Egypt
Romania,0,Egypt
Sweden,110,Egypt
Austria,0,Libya
Belgium,5,Libya
Denmark,5,Libya
Greece,0,Libya
Spain,5,Libya
Finland,0,Libya
France,5,Libya
Italy,0,Libya
Netherlands,20,Libya
Portugal,0,Libya
Romania,0,Libya
Sweden,15,Libya
Austria,0,Morocco
Belgium,105,Morocco
Denmark,0,Morocco
Greece,0,Morocco
Spain,20,Morocco
Finland,0,Morocco
France,55,Morocco
Italy,0,Morocco
Netherlands,70,Morocco
Portugal,0,Morocco
Romania,0,Morocco
Sweden,95,Morocco
Austria,0,Sudan
Belgium,15,Sudan
Denmark,10,Sudan
Greece,20,Sudan
Spain,10,Sudan
Finland,5,Sudan
France,30,Sudan
Italy,10,Sudan
Netherlands,95,Sudan
Portugal,0,Sudan
Romania,0,Sudan
United Kingdom,560,Sudan
Austria,0,Tunisia
Belgium,5,Tunisia
Denmark,5,Tunisia
Greece,0,Tunisia
Spain,0,Tunisia
Finland,0,Tunisia
France,200,Tunisia
Italy,0,Tunisia
Portugal,0,Tunisia
Romania,0,Tunisia
Sweden,55,Tunisia
Austria,0,Western Sahara
Denmark,0,Western Sahara
Greece,0,Western Sahara
Spain,0,Western Sahara
Finland,0,Western Sahara
Italy,0,Western Sahara
Portugal,0,Western Sahara
Romania,0,Western Sahara
Austria,0,Botswana
Belgium,0,Botswana
Denmark,0,Botswana
Greece,0,Botswana
Spain,0,Botswana
Finland,0,Botswana
France,0,Botswana
Italy,0,Botswana
Portugal,0,Botswana
Romania,0,Botswana
Austria,0,Lesotho
Denmark,0,Lesotho
Greece,0,Lesotho
Spain,0,Lesotho
Finland,0,Lesotho
Italy,0,Lesotho
Portugal,0,Lesotho
Romania,0,Lesotho
Romania,0,Namibia
Austria,0,South Africa
Belgium,10,South Africa
Denmark,0,South Africa
Greece,0,South Africa
Spain,70,South Africa
Finland,0,South Africa
France,5,South Africa
Italy,0,South Africa
Netherlands,20,South Africa
Portugal,5,South Africa
Romania,0,South Africa
Sweden,15,South Africa
United Kingdom,40,South Africa
Austria,0,Swaziland
Denmark,0,Swaziland
Greece,0,Swaziland
Spain,0,Swaziland
Finland,0,Swaziland
Italy,0,Swaziland
Portugal,0,Swaziland
Romania,0,Swaziland
Austria,0,Benin
Belgium,10,Benin
Denmark,0,Benin
Greece,0,Benin
Spain,0,Benin
Finland,0,Benin
France,5,Benin
Italy,0,Benin
Luxembourg,0,Benin
Portugal,0,Benin
Romania,0,Benin
United Kingdom,15,Benin
Austria,0,Burkina Faso
Belgium,50,Burkina Faso
Denmark,0,Burkina Faso
Greece,0,Burkina Faso
Spain,0,Burkina Faso
Finland,0,Burkina Faso
France,15,Burkina Faso
Italy,0,Burkina Faso
Luxembourg,5,Burkina Faso
Netherlands,15,Burkina Faso
Portugal,0,Burkina Faso
Romania,0,Burkina Faso
Austria,0,Cape Verde
Belgium,0,Cape Verde
Denmark,0,Cape Verde
Greece,0,Cape Verde
Spain,5,Cape Verde
Finland,0,Cape Verde
France,100,Cape Verde
Italy,0,Cape Verde
Portugal,0,Cape Verde
Romania,0,Cape Verde
Austria,0,Côte d'Ivoire
Belgium,80,Côte d'Ivoire
Denmark,10,Côte d'Ivoire
Greece,0,Côte d'Ivoire
Spain,15,Côte d'Ivoire
Finland,0,Côte d'Ivoire
France,95,Côte d'Ivoire
Italy,0,Côte d'Ivoire
Netherlands,15,Côte d'Ivoire
Portugal,5,Côte d'Ivoire
Romania,0,Côte d'Ivoire
United Kingdom,310,Côte d'Ivoire
Austria,0,"Gambia, The"
Belgium,10,"Gambia, The"
Denmark,145,"Gambia, The"
Greece,0,"Gambia, The"
Spain,10,"Gambia, The"
Finland,25,"Gambia, The"
France,65,"Gambia, The"
Italy,0,"Gambia, The"
Portugal,0,"Gambia, The"
Romania,0,"Gambia, The"
Austria,200,Ghana
Belgium,970,Ghana
Germany,6995,Ghana
Denmark,20,Ghana
Greece,0,Ghana
Spain,110,Ghana
Finland,5,Ghana
France,445,Ghana
Italy,0,Ghana
Netherlands,140,Ghana
Portugal,10,Ghana
Romania,0,Ghana
Sweden,30,Ghana
United Kingdom,1600,Ghana
Austria,0,Guinea
Belgium,195,Guinea
Denmark,10,Guinea
Greece,0,Guinea
Spain,105,Guinea
Finland,0,Guinea
France,795,Guinea
Italy,0,Guinea
Luxembourg,0,Guinea
Netherlands,20,Guinea
Portugal,0,Guinea
Romania,0,Guinea
Sweden,0,Guinea
Austria,0,Guinea-Bissau
Belgium,0,Guinea-Bissau
Denmark,0,Guinea-Bissau
Greece,0,Guinea-Bissau
Spain,370,Guinea-Bissau
Finland,0,Guinea-Bissau
France,160,Guinea-Bissau
Italy,0,Guinea-Bissau
Portugal,0,Guinea-Bissau
Romania,0,Guinea-Bissau
Sweden,0,Guinea-Bissau
Austria,0,Liberia
Belgium,250,Liberia
Denmark,55,Liberia
Greece,0,Liberia
Spain,380,Liberia
Finland,20,Liberia
France,80,Liberia
Italy,10,Liberia
Luxembourg,0,Liberia
Netherlands,340,Liberia
Portugal,10,Liberia
Romania,0,Liberia
Austria,0,Mali
Belgium,10,Mali
Denmark,0,Mali
Greece,0,Mali
Spain,55,Mali
Finland,5,Mali
France,1130,Mali
Italy,0,Mali
Luxembourg,0,Mali
Netherlands,10,Mali
Portugal,0,Mali
Romania,0,Mali
Sweden,10,Mali
Austria,0,Mauritania
Belgium,15,Mauritania
Denmark,0,Mauritania
Greece,0,Mauritania
Spain,75,Mauritania
Finland,0,Mauritania
France,610,Mauritania
Italy,0,Mauritania
Netherlands,20,Mauritania
Portugal,0,Mauritania
Romania,0,Mauritania
Sweden,10,Mauritania
Austria,0,Niger
Belgium,80,Niger
Denmark,0,Niger
Greece,0,Niger
Spain,0,Niger
Finland,0,Niger
France,85,Niger
Italy,0,Niger
Portugal,0,Niger
Romania,0,Niger
Austria,545,Nigeria
Belgium,530,Nigeria
Germany,10485,Nigeria
Denmark,20,Nigeria
Greece,0,Nigeria
Spain,90,Nigeria
Finland,10,Nigeria
France,65,Nigeria
Italy,0,Nigeria
Netherlands,235,Nigeria
Portugal,5,Nigeria
Romania,0,Nigeria
Sweden,25,Nigeria
United Kingdom,615,Nigeria
Austria,0,Senegal
Belgium,75,Senegal
Denmark,10,Senegal
Greece,0,Senegal
Spain,1005,Senegal
Finland,0,Senegal
France,440,Senegal
Italy,0,Senegal
Portugal,0,Senegal
Romania,0,Senegal
Sweden,10,Senegal
Austria,0,Sierra Leone
Belgium,70,Sierra Leone
Denmark,15,Sierra Leone
Greece,0,Sierra Leone
Spain,15,Sierra Leone
Finland,0,Sierra Leone
France,10,Sierra Leone
Italy,0,Sierra Leone
Luxembourg,0,Sierra Leone
Netherlands,30,Sierra Leone
Portugal,5,Sierra Leone
Romania,0,Sierra Leone
Austria,0,Togo
Belgium,450,Togo
Denmark,5,Togo
Greece,0,Togo
Spain,5,Togo
Finland,0,Togo
France,50,Togo
Italy,0,Togo
Luxembourg,5,Togo
Netherlands,35,Togo
Portugal,5,Togo
Romania,0,Togo
United Kingdom,35,Togo
Austria,0,America
Belgium,160,America
Germany,355,America
Denmark,20,America
Greece,0,America
Spain,4905,America
Finland,30,America
France,925,America
Italy,20,America
Luxembourg,5,America
Netherlands,100,America
Portugal,0,America
Sweden,1435,America
United Kingdom,320,America
Austria,0,Canada
Denmark,0,Canada
Finland,0,Canada
Italy,0,Canada
Luxembourg,0,Canada
Portugal,0,Canada
Romania,0,Canada
Sweden,0,Canada
Austria,0,United States
Denmark,0,United States
Spain,0,United States
Finland,0,United States
France,0,United States
Italy,0,United States
Luxembourg,0,United States
Portugal,0,United States
Romania,0,United States
Sweden,25,United States
Austria,0,Antigua and Barbuda
Romania,0,Antigua and Barbuda
Austria,0,Bahamas
Belgium,0,Bahamas
Denmark,0,Bahamas
Spain,0,Bahamas
Finland,0,Bahamas
Italy,0,Bahamas
Luxembourg,0,Bahamas
Portugal,0,Bahamas
Romania,0,Bahamas
Austria,0,Barbados
Denmark,0,Barbados
Finland,0,Barbados
France,0,Barbados
Italy,0,Barbados
Luxembourg,0,Barbados
Portugal,0,Barbados
Romania,0,Barbados
Austria,0,Cuba
Belgium,10,Cuba
Denmark,0,Cuba
Spain,365,Cuba
Finland,25,Cuba
France,25,Cuba
Italy,20,Cuba
Luxembourg,0,Cuba
Portugal,0,Cuba
Romania,0,Cuba
Sweden,145,Cuba
Austria,0,Dominica
Romania,0,Dominica
Austria,0,Dominican Republic
Denmark,0,Dominican Republic
Spain,1140,Dominican Republic
Finland,0,Dominican Republic
France,0,Dominican Republic
Italy,0,Dominican Republic
Luxembourg,0,Dominican Republic
Portugal,0,Dominican Republic
Romania,0,Dominican Republic
Austria,0,Grenada
Denmark,0,Grenada
Finland,0,Grenada
Italy,0,Grenada
Luxembourg,0,Grenada
Portugal,0,Grenada
Romania,0,Grenada
Austria,0,Haiti
Belgium,5,Haiti
Denmark,0,Haiti
Spain,0,Haiti
Finland,0,Haiti
France,565,Haiti
Italy,0,Haiti
Luxembourg,0,Haiti
Portugal,0,Haiti
Romania,0,Haiti
Austria,0,Jamaica
Belgium,0,Jamaica
Denmark,0,Jamaica
Spain,0,Jamaica
Finland,0,Jamaica
France,0,Jamaica
Italy,0,Jamaica
Luxembourg,0,Jamaica
Portugal,0,Jamaica
Romania,0,Jamaica
Sweden,0,Jamaica
Austria,0,Saint Kitts and Nevis
Romania,0,Saint Kitts and Nevis
Austria,0,Saint Lucia
Romania,0,Saint Lucia
Austria,0,Saint Vincent and the Grenadines
Romania,0,Saint Vincent and the Grenadines
Austria,0,Trinidad and Tobago
Denmark,0,Trinidad and Tobago
Finland,0,Trinidad and Tobago
Italy,0,Trinidad and Tobago
Luxembourg,0,Trinidad and Tobago
Portugal,0,Trinidad and Tobago
Romania,0,Trinidad and Tobago
Austria,0,Belize
Romania,0,Belize
Austria,0,Costa Rica
Belgium,0,Costa Rica
Denmark,0,Costa Rica
Finland,0,Costa Rica
France,0,Costa Rica
Italy,0,Costa Rica
Luxembourg,0,Costa Rica
Portugal,0,Costa Rica
Romania,0,Costa Rica
Austria,0,El Salvador
Belgium,0,El Salvador
Denmark,0,El Salvador
Spain,5,El Salvador
Finland,0,El Salvador
France,0,El Salvador
Italy,0,El Salvador
Luxembourg,0,El Salvador
Portugal,0,El Salvador
Romania,0,El Salvador
Austria,0,Guatemala
Belgium,0,Guatemala
Denmark,0,Guatemala
Spain,0,Guatemala
Finland,0,Guatemala
France,0,Guatemala
Italy,0,Guatemala
Luxembourg,0,Guatemala
Portugal,0,Guatemala
Romania,0,Guatemala
Austria,0,Honduras
Denmark,0,Honduras
Spain,0,Honduras
Finland,0,Honduras
Italy,0,Honduras
Luxembourg,0,Honduras
Portugal,0,Honduras
Romania,0,Honduras
Austria,0,Mexico
Denmark,0,Mexico
Spain,0,Mexico
Finland,0,Mexico
France,0,Mexico
Italy,0,Mexico
Luxembourg,0,Mexico
Portugal,0,Mexico
Romania,0,Mexico
Sweden,10,Mexico
Austria,0,Nicaragua
Belgium,0,Nicaragua
Denmark,0,Nicaragua
Spain,5,Nicaragua
Finland,0,Nicaragua
France,0,Nicaragua
Italy,0,Nicaragua
Luxembourg,0,Nicaragua
Portugal,0,Nicaragua
Romania,0,Nicaragua
Austria,0,Panama
Denmark,0,Panama
Finland,0,Panama
France,0,Panama
Italy,0,Panama
Luxembourg,0,Panama
Portugal,0,Panama
Romania,0,Panama
Austria,0,Argentina
Denmark,0,Argentina
Spain,10,Argentina
Finland,0,Argentina
France,0,Argentina
Italy,0,Argentina
Luxembourg,0,Argentina
Portugal,0,Argentina
Romania,0,Argentina
Sweden,5,Argentina
Austria,0,Bolivia
Belgium,0,Bolivia
Denmark,0,Bolivia
Spain,35,Bolivia
Finland,0,Bolivia
France,5,Bolivia
Italy,0,Bolivia
Luxembourg,0,Bolivia
Portugal,0,Bolivia
Romania,0,Bolivia
Austria,0,Brazil
Belgium,0,Brazil
Denmark,0,Brazil
Spain,60,Brazil
Finland,0,Brazil
France,0,Brazil
Italy,0,Brazil
Luxembourg,0,Brazil
Portugal,0,Brazil
Romania,0,Brazil
Sweden,10,Brazil
Austria,0,Chile
Belgium,30,Chile
Denmark,5,Chile
Spain,50,Chile
Finland,0,Chile
France,70,Chile
Italy,0,Chile
Luxembourg,0,Chile
Portugal,0,Chile
Romania,0,Chile
Sweden,100,Chile
Austria,0,Colombia
Belgium,50,Colombia
Denmark,5,Colombia
Spain,250,Colombia
Finland,0,Colombia
France,95,Colombia
Italy,0,Colombia
Luxembourg,0,Colombia
Portugal,0,Colombia
Romania,0,Colombia
Sweden,180,Colombia
United Kingdom,280,Colombia
Austria,0,Ecuador
Belgium,0,Ecuador
Denmark,0,Ecuador
Spain,150,Ecuador
Finland,0,Ecuador
France,10,Ecuador
Italy,0,Ecuador
Luxembourg,0,Ecuador
Portugal,0,Ecuador
Romania,0,Ecuador
Austria,0,Guyana
Belgium,0,Guyana
Denmark,0,Guyana
Finland,0,Guyana
France,5,Guyana
Italy,0,Guyana
Luxembourg,0,Guyana
Portugal,0,Guyana
Romania,0,Guyana
Austria,0,Paraguay
Belgium,0,Paraguay
Denmark,0,Paraguay
Spain,0,Paraguay
Finland,0,Paraguay
France,0,Paraguay
Italy,0,Paraguay
Luxembourg,0,Paraguay
Portugal,0,Paraguay
Romania,0,Paraguay
Austria,0,Peru
Belgium,50,Peru
Denmark,10,Peru
Spain,2795,Peru
Finland,0,Peru
France,135,Peru
Italy,0,Peru
Luxembourg,5,Peru
Netherlands,15,Peru
Portugal,0,Peru
Romania,0,Peru
Sweden,785,Peru
Austria,0,Suriname
Belgium,0,Suriname
Denmark,0,Suriname
Finland,0,Suriname
France,0,Suriname
Italy,0,Suriname
Luxembourg,0,Suriname
Netherlands,55,Suriname
Portugal,0,Suriname
Romania,0,Suriname
Austria,0,Uruguay
Denmark,0,Uruguay
Spain,5,Uruguay
Finland,0,Uruguay
France,0,Uruguay
Italy,0,Uruguay
Luxembourg,0,Uruguay
Portugal,0,Uruguay
Romania,0,Uruguay
Sweden,0,Uruguay
Austria,0,Venezuela
Denmark,0,Venezuela
Spain,15,Venezuela
Finland,0,Venezuela
France,0,Venezuela
Italy,0,Venezuela
Luxembourg,0,Venezuela
Portugal,0,Venezuela
Romania,0,Venezuela
Sweden,10,Venezuela
Austria,2860,Asia
Belgium,2800,Asia
Germany,56480,Asia
Denmark,1950,Asia
Greece,1525,Asia
Spain,830,Asia
Finland,370,Asia
France,11125,Asia
Italy,160,Asia
Luxembourg,10,Asia
Netherlands,4555,Asia
Portugal,15,Asia
Sweden,5895,Asia
United Kingdom,8080,Asia
Austria,0,Kazakhstan
Greece,0,Kazakhstan
Netherlands,0,Kazakhstan
Portugal,0,Kazakhstan
Romania,0,Kazakhstan
Sweden,0,Kazakhstan
Austria,0,Kyrgyzstan
Greece,0,Kyrgyzstan
Netherlands,0,Kyrgyzstan
Portugal,0,Kyrgyzstan
Romania,0,Kyrgyzstan
Sweden,5,Kyrgyzstan
Austria,0,Tajikistan
Greece,0,Tajikistan
Netherlands,0,Tajikistan
Portugal,0,Tajikistan
Romania,0,Tajikistan
Sweden,5,Tajikistan
Austria,0,Turkmenistan
Greece,0,Turkmenistan
Netherlands,0,Turkmenistan
Portugal,0,Turkmenistan
Romania,0,Turkmenistan
Sweden,0,Turkmenistan
Austria,0,Uzbekistan
Greece,0,Uzbekistan
Netherlands,10,Uzbekistan
Portugal,0,Uzbekistan
Romania,0,Uzbekistan
Romania,0,China (including Hong Kong)
Austria,0,Hong Kong
Austria,0,Japan
Denmark,0,Japan
Spain,0,Japan
Finland,0,Japan
Italy,0,Japan
Luxembourg,0,Japan
Portugal,0,Japan
Romania,0,Japan
Austria,0,Mongolia
Denmark,0,Mongolia
Spain,0,Mongolia
Finland,0,Mongolia
Italy,0,Mongolia
Luxembourg,0,Mongolia
Portugal,0,Mongolia
Romania,0,Mongolia
Austria,0,North Korea
Denmark,0,North Korea
Spain,0,North Korea
Finland,0,North Korea
Italy,0,North Korea
Luxembourg,0,North Korea
Portugal,0,North Korea
Romania,0,North Korea
Austria,0,South Korea
Denmark,0,South Korea
Spain,0,South Korea
Finland,0,South Korea
Italy,0,South Korea
Luxembourg,0,South Korea
Portugal,0,South Korea
Romania,0,South Korea
Austria,0,Taiwan
Denmark,0,Taiwan
Greece,0,Taiwan
Spain,0,Taiwan
Finland,0,Taiwan
Italy,0,Taiwan
Luxembourg,0,Taiwan
Portugal,0,Taiwan
Romania,0,Taiwan
Austria,80,Afghanistan
Belgium,20,Afghanistan
Germany,6350,Afghanistan
Denmark,125,Afghanistan
Spain,30,Afghanistan
Finland,10,Afghanistan
France,110,Afghanistan
Italy,10,Afghanistan
Luxembourg,0,Afghanistan
Netherlands,350,Afghanistan
Portugal,0,Afghanistan
Romania,0,Afghanistan
Austria,300,Bangladesh
Belgium,280,Bangladesh
Denmark,40,Bangladesh
Spain,130,Bangladesh
Finland,55,Bangladesh
France,365,Bangladesh
Italy,0,Bangladesh
Luxembourg,0,Bangladesh
Netherlands,45,Bangladesh
Portugal,0,Bangladesh
Romania,0,Bangladesh
Sweden,290,Bangladesh
United Kingdom,165,Bangladesh
Austria,0,Bhutan
Belgium,0,Bhutan
Denmark,0,Bhutan
Spain,0,Bhutan
Finland,0,Bhutan
Italy,0,Bhutan
Luxembourg,0,Bhutan
Portugal,0,Bhutan
Romania,0,Bhutan
Austria,210,India
Belgium,1035,India
Germany,5800,India
Denmark,25,India
Greece,0,India
Spain,10,India
Finland,5,India
France,765,India
Italy,10,India
Luxembourg,0,India
Netherlands,95,India
Portugal,5,India
Romania,0,India
Sweden,110,India
United Kingdom,1450,India
Austria,650,Iran
Belgium,135,Iran
Germany,3835,Iran
Denmark,200,Iran
Greece,20,Iran
Spain,45,Iran
Finland,35,Iran
France,185,Iran
Italy,20,Iran
Luxembourg,5,Iran
Netherlands,1300,Iran
Portugal,0,Iran
Romania,25,Iran
Sweden,755,Iran
United Kingdom,405,Iran
Austria,0,Maldives
Romania,0,Maldives
Austria,0,Nepal
Belgium,30,Nepal
Denmark,0,Nepal
Spain,0,Nepal
Finland,0,Nepal
France,5,Nepal
Italy,0,Nepal
Luxembourg,0,Nepal
Portugal,0,Nepal
Romania,0,Nepal
Austria,270,Pakistan
Belgium,700,Pakistan
Germany,5215,Pakistan
Denmark,40,Pakistan
Greece,5,Pakistan
Spain,40,Pakistan
Finland,5,Pakistan
France,885,Pakistan
Italy,20,Pakistan
Luxembourg,0,Pakistan
Netherlands,110,Pakistan
Portugal,5,Pakistan
Romania,5,Pakistan
Sweden,40,Pakistan
United Kingdom,1700,Pakistan
Austria,135,Sri Lanka
Belgium,145,Sri Lanka
Germany,5305,Sri Lanka
Denmark,360,Sri Lanka
Greece,5,Sri Lanka
Spain,25,Sri Lanka
Finland,30,Sri Lanka
France,3960,Sri Lanka
Italy,50,Sri Lanka
Luxembourg,0,Sri Lanka
Netherlands,1035,Sri Lanka
Portugal,0,Sri Lanka
Romania,0,Sri Lanka
Sweden,505,Sri Lanka
United Kingdom,2085,Sri Lanka
Austria,0,Brunei Darussalam
Belgium,0,Brunei Darussalam
Denmark,0,Brunei Darussalam
Spain,0,Brunei Darussalam
Finland,0,Brunei Darussalam
Italy,0,Brunei Darussalam
Luxembourg,0,Brunei Darussalam
Portugal,0,Brunei Darussalam
Romania,0,Brunei Darussalam
Austria,0,Cambodia
Belgium,5,Cambodia
Denmark,0,Cambodia
Spain,0,Cambodia
Finland,0,Cambodia
France,700,Cambodia
Italy,0,Cambodia
Luxembourg,0,Cambodia
Portugal,0,Cambodia
Romania,0,Cambodia
Austria,0,Indonesia
Denmark,0,Indonesia
Spain,0,Indonesia
Finland,0,Indonesia
France,0,Indonesia
Italy,0,Indonesia
Luxembourg,0,Indonesia
Portugal,0,Indonesia
Romania,0,Indonesia
Austria,0,Laos
Belgium,15,Laos
Denmark,0,Laos
Spain,0,Laos
Finland,0,Laos
France,570,Laos
Italy,0,Laos
Luxembourg,0,Laos
Portugal,0,Laos
Romania,0,Laos
Austria,0,Malaysia
Denmark,0,Malaysia
Spain,0,Malaysia
Finland,0,Malaysia
France,0,Malaysia
Italy,0,Malaysia
Luxembourg,0,Malaysia
Portugal,0,Malaysia
Romania,0,Malaysia
Sweden,25,Malaysia
Austria,0,Myanmar/Burma
Belgium,5,Myanmar/Burma
Denmark,0,Myanmar/Burma
Spain,0,Myanmar/Burma
Finland,0,Myanmar/Burma
France,10,Myanmar/Burma
Italy,0,Myanmar/Burma
Luxembourg,0,Myanmar/Burma
Portugal,0,Myanmar/Burma
Romania,0,Myanmar/Burma
Austria,0,Philippines
Belgium,5,Philippines
Denmark,0,Philippines
Spain,70,Philippines
Finland,0,Philippines
France,5,Philippines
Italy,0,Philippines
Luxembourg,0,Philippines
Portugal,0,Philippines
Romania,0,Philippines
Sweden,10,Philippines
Austria,0,Singapore
Denmark,0,Singapore
Spain,0,Singapore
Finland,0,Singapore
Italy,0,Singapore
Luxembourg,0,Singapore
Portugal,0,Singapore
Romania,0,Singapore
Austria,0,Thailand
Denmark,0,Thailand
Spain,0,Thailand
Finland,0,Thailand
France,5,Thailand
Italy,0,Thailand
Luxembourg,0,Thailand
Portugal,0,Thailand
Romania,0,Thailand
Austria,0,Timor-Leste
Romania,0,Timor-Leste
Austria,50,Vietnam
Belgium,105,Vietnam
Germany,12260,Vietnam
Denmark,0,Vietnam
Spain,5,Vietnam
Finland,0,Vietnam
France,1065,Vietnam
Italy,10,Vietnam
Luxembourg,0,Vietnam
Netherlands,30,Vietnam
Portugal,0,Vietnam
Romania,0,Vietnam
Sweden,5,Vietnam
Austria,0,Armenia
Belgium,15,Armenia
Greece,0,Armenia
Netherlands,40,Armenia
Portugal,0,Armenia
Romania,0,Armenia
Sweden,25,Armenia
Austria,0,Azerbaijan
Belgium,0,Azerbaijan
Greece,0,Azerbaijan
Netherlands,10,Azerbaijan
Portugal,0,Azerbaijan
Romania,0,Azerbaijan
Sweden,5,Azerbaijan
Austria,0,Bahrain
Denmark,0,Bahrain
Spain,0,Bahrain
Finland,0,Bahrain
Italy,0,Bahrain
Luxembourg,0,Bahrain
Portugal,0,Bahrain
Romania,0,Bahrain
Austria,0,Georgia
Belgium,15,Georgia
Greece,0,Georgia
Netherlands,25,Georgia
Portugal,0,Georgia
Romania,0,Georgia
Sweden,5,Georgia
Austria,1025,Iraq
Belgium,95,Iraq
Denmark,930,Iraq
Greece,1480,Iraq
Spain,410,Iraq
Finland,145,Iraq
France,245,Iraq
Italy,30,Iraq
Luxembourg,5,Iraq
Netherlands,770,Iraq
Portugal,0,Iraq
Romania,65,Iraq
Sweden,3215,Iraq
United Kingdom,700,Iraq
Austria,0,Israel
Belgium,10,Israel
Denmark,10,Israel
Greece,0,Israel
Spain,0,Israel
Finland,30,Israel
France,15,Israel
Italy,0,Israel
Luxembourg,0,Israel
Netherlands,30,Israel
Portugal,0,Israel
Romania,0,Israel
Sweden,20,Israel
Austria,0,Jordan
Belgium,25,Jordan
Denmark,5,Jordan
Greece,0,Jordan
Spain,5,Jordan
Finland,15,Jordan
France,5,Jordan
Italy,0,Jordan
Luxembourg,0,Jordan
Netherlands,20,Jordan
Portugal,0,Jordan
Romania,0,Jordan
Sweden,30,Jordan
Austria,0,Kuwait
Denmark,0,Kuwait
Spain,0,Kuwait
Finland,0,Kuwait
Italy,0,Kuwait
Luxembourg,0,Kuwait
Portugal,0,Kuwait
Romania,0,Kuwait
Austria,80,Lebanon
Belgium,90,Lebanon
Germany,5620,Lebanon
Denmark,85,Lebanon
Spain,20,Lebanon
Finland,15,Lebanon
France,65,Lebanon
Italy,20,Lebanon
Luxembourg,0,Lebanon
Netherlands,255,Lebanon
Portugal,0,Lebanon
Romania,0,Lebanon
Sweden,235,Lebanon
United Kingdom,380,Lebanon
Austria,0,Palestine
Germany,0,Palestine
Denmark,0,Palestine
Spain,0,Palestine
Finland,0,Palestine
France,30,Palestine
Italy,0,Palestine
Luxembourg,0,Palestine
Portugal,0,Palestine
Romania,0,Palestine
Austria,0,Oman
Belgium,0,Oman
Denmark,0,Oman
Spain,0,Oman
Finland,0,Oman
Italy,0,Oman
Luxembourg,0,Oman
Portugal,0,Oman
Romania,0,Oman
Austria,0,Qatar
Romania,0,Qatar
Austria,0,Saudi Arabia
Denmark,0,Saudi Arabia
Greece,0,Saudi Arabia
Spain,0,Saudi Arabia
Finland,0,Saudi Arabia
France,0,Saudi Arabia
Italy,0,Saudi Arabia
Luxembourg,0,Saudi Arabia
Portugal,0,Saudi Arabia
Romania,0,Saudi Arabia
Austria,20,Syria
Belgium,50,Syria
Denmark,35,Syria
Greece,0,Syria
Spain,10,Syria
Finland,20,Syria
France,35,Syria
Italy,0,Syria
Luxembourg,0,Syria
Netherlands,235,Syria
Portugal,0,Syria
Romania,0,Syria
Sweden,295,Syria
Austria,0,United Arab Emirates
Denmark,40,United Arab Emirates
Spain,0,United Arab Emirates
Finland,0,United Arab Emirates
Italy,0,United Arab Emirates
Luxembourg,0,United Arab Emirates
Portugal,0,United Arab Emirates
Romania,0,United Arab Emirates
Austria,0,Yemen
Denmark,0,Yemen
Spain,0,Yemen
Finland,0,Yemen
Italy,0,Yemen
Luxembourg,0,Yemen
Portugal,0,Yemen
Romania,0,Yemen
Austria,0,Oceania
Belgium,0,Oceania
Germany,0,Oceania
Denmark,5,Oceania
Greece,0,Oceania
Spain,0,Oceania
Finland,0,Oceania
Italy,0,Oceania
Luxembourg,0,Oceania
Portugal,0,Oceania
United Kingdom,0,Oceania
Austria,0,Australia
Denmark,5,Australia
Greece,0,Australia
Spain,0,Australia
Finland,0,Australia
Italy,0,Australia
Luxembourg,0,Australia
Portugal,0,Australia
Romania,0,Australia
United Kingdom,0,Australia
Austria,0,New Zealand
Denmark,0,New Zealand
Greece,0,New Zealand
Spain,0,New Zealand
Finland,0,New Zealand
Italy,0,New Zealand
Luxembourg,0,New Zealand
Portugal,0,New Zealand
Romania,0,New Zealand
United Kingdom,0,New Zealand
Austria,0,Fiji
Romania,0,Fiji
Austria,0,Papua New Guinea
Romania,0,Papua New Guinea
Austria,0,Solomon Islands
Denmark,0,Solomon Islands
Greece,0,Solomon Islands
Spain,0,Solomon Islands
Finland,0,Solomon Islands
Italy,0,Solomon Islands
Luxembourg,0,Solomon Islands
Portugal,0,Solomon Islands
Romania,0,Solomon Islands
United Kingdom,0,Solomon Islands
Austria,0,Vanuatu
Denmark,0,Vanuatu
Greece,0,Vanuatu
Spain,0,Vanuatu
Finland,0,Vanuatu
Italy,0,Vanuatu
Luxembourg,0,Vanuatu
Portugal,0,Vanuatu
Romania,0,Vanuatu
United Kingdom,0,Vanuatu
Austria,0,Kiribati
Romania,0,Kiribati
Austria,0,Marshall Islands
Romania,0,Marshall Islands
Austria,0,Federated States of Micronesia
Romania,0,Federated States of Micronesia
Austria,0,Nauru
Belgium,0,Nauru
Denmark,0,Nauru
Greece,0,Nauru
Spain,0,Nauru
Finland,0,Nauru
Italy,0,Nauru
Luxembourg,0,Nauru
Portugal,0,Nauru
Romania,0,Nauru
United Kingdom,0,Nauru
Austria,0,Palau
Romania,0,Palau
Austria,0,Samoa
Romania,0,Samoa
Austria,0,Tonga
Romania,0,Tonga
Austria,0,Tuvalu
Romania,0,Tuvalu
Austria,30,Stateless
Belgium,0,Stateless
Denmark,610,Stateless
Spain,25,Stateless
Finland,5,Stateless
Italy,0,Stateless
Luxembourg,0,Stateless
Netherlands,160,Stateless
Portugal,0,Stateless
Romania,0,Stateless
Sweden,365,Stateless
United Kingdom,0,Stateless
Austria,340,Unknown
Belgium,0,Unknown
Germany,3420,Unknown
Denmark,0,Unknown
Greece,0,Unknown
Spain,10,Unknown
Finland,0,Unknown
France,265,Unknown
Italy,0,Unknown
Luxembourg,0,Unknown
Netherlands,5,Unknown
Portugal,0,Unknown
Romania,0,Unknown
Sweden,175,Unknown
United Kingdom,7690,Unknown,677210